{"walls":[[0.8,0.45,0.0,0.45,0.0,0.35875002,0.49187502,0.378125,0.503125,0.278125,0.8,0.290625],[0.8,0.216875,0.50125,0.1825,0.474375,0.05375,0.0,0.053125,0.0,0.0,0.8,0.0],[0.0,0.27437502,0.0,0.1575,0.36937502,0.15812501,0.365625,0.286875]],"CAM":[640.0,360.0],"wallTexture":["WOODEN","WOODEN","PIRATE"],"OT":["RESPAWN","FOLD_WALL","FIGHT_WALL","FOLD_WALL","FLIGHT_WALL","GOAL","RESPAWN","FIGHT_WALL"],"objectPos":[0.33812502,0.30625,0.500625,0.23500001,0.53875005,0.23625,0.578125,0.23500001,0.635,0.2375,0.7375,0.24937502,0.296875,0.082499996,0.34750003,0.109375],"objectAngle":[0.0,0.0,0.0,0.0,0.0,0.0,0.0,0.0],"ET":["INVINCIBLE_ENEMY"],"enemyPos":[0.17625001,0.10625],"octT":["FLYER","TELEPORTER","EXPLODER"],"octopusPos":[0.10125001,0.328125,0.19187501,0.32999998,0.0375,0.096875],"TT":[],"tutorialPos":[],"tutorialAngle":[],"bounds":[32.0,18.0]}