{"walls":[[0.50875,0.105624996,0.8,0.1075,0.8,0.0,0.0,0.0,0.0,0.178125,0.13000001,0.190625,0.21875,0.175625,0.3975,0.10812501],[0.0,0.45,0.0,0.33125,0.0,0.28062502,0.11875,0.309375,0.118125,0.389375,0.13625,0.40187502,0.16875,0.4025,0.19500001,0.381875,0.211875,0.33125,0.243125,0.31187502,0.365,0.275,0.4125,0.335625,0.583125,0.388125,0.62,0.313125,0.54312503,0.28312498,0.488125,0.246875,0.49124998,0.201875,0.8,0.21000001,0.8,0.45]],"CAM":[640.0,360.0],"wallTexture":["EARTH","EARTH"],"OT":["GOAL","FIGHT_WALL","FIGHT_WALL","GOAL"],"objectPos":[1.295625,0.14625,0.1675,0.32375,0.513125,0.159375,0.7395834,0.15916666],"objectAngle":[0.0,1.8325956,0.0,0.0],"ET":["ARMORED_ENEMY"],"enemyPos":[0.601875,0.159375],"octT":["EXPLODER","EXPLODER","TELEPORTER"],"octopusPos":[0.15375,0.36625,0.051875003,0.230625,0.114999995,0.23625],"TT":["TEXT9"],"tutorialPos":[0.13374999,0.13374999],"tutorialAngle":[0.0],"bounds":[32.0,18.0]}