{"walls":[[0.79957426,0.266509,0.58201176,0.2656575,0.5134646,0.32994324,0.16306546,0.32994324,0.11069719,0.25969726,0.11112294,0.16092716,0.1800958,0.10685904,0.5130389,0.11239357,0.58414054,0.18349102,0.79957426,0.18221381,0.91282606,0.17965943,1.2496009,0.17242196,1.2496009,0.0,0.0,0.0,0.0,0.62497634,0.8872806,0.62497634,1.0294838,0.62497634,1.0260777,0.3959319,1.0614158,0.3499527,1.1171901,0.34484392,1.1397552,0.3780511,1.1367749,0.62497634,1.2496009,0.62497634,1.2496009,0.26352888]],"CAM":[640.0,360.0],"wallTexture":["EARTH"],"OT":["FOLD_WALL","FOLD_WALL","GOAL"],"objectPos":[1.0754657,0.22010407,0.8408729,0.22350995,1.2040447,0.21882686],"objectAngle":[-3.1415923,-3.1415923,0.0],"ET":[],"enemyPos":[],"octT":["TELEPORTER","TELEPORTER"],"octopusPos":[1.085684,0.4099811,0.53773284,0.2269158],"TT":["TEXT1","TEXT2","TEXT3","MOUSE_LEFT","MOUSE_RIGHT","W_KEY","A_KEY","S_KEY","D_KEY","E_KEY","MOUSE_LEFT"],"tutorialPos":[0.29625002,0.21708333,0.9416667,0.07833333,0.6645833,0.29333335,0.26916668,0.27958333,0.26958334,0.18833335,0.6629167,0.37125,0.6229167,0.33041668,0.6625,0.32999998,0.70375,0.33166668,0.86416674,0.14791667,0.86416674,0.058750004],"tutorialAngle":[0.0,0.0,0.0,0.0,0.0,0.0,0.0,0.0,0.0,0.0,0.0],"bounds":[50.0,25.0]}