{"wallTexture":["EARTH","EARTH"],"walls":[[0.8,0.8,0.0,0.8,0.0,0.680625,0.035625003,0.675625,0.034375,0.68125,0.0775,0.69125,0.14125,0.68,0.18375,0.65062505,0.24249999,0.63,0.27437502,0.6275,0.3,0.6325,0.334375,0.65375006,0.384375,0.66312504,0.45625,0.675625,0.503125,0.686875,0.55875003,0.71000004,0.589375,0.71312505,0.653125,0.706875,0.688125,0.70437497,0.705625,0.661875,0.708125,0.63,0.70125,0.59125,0.6875,0.55625,0.666875,0.539375,0.64375,0.49375,0.6375,0.46875,0.64875,0.34437498,0.6725,0.33125,0.7025,0.29625002,0.71625,0.25187498,0.711875,0.09937499,0.65999997,0.08562501,0.61125004,0.06875,0.56875,0.105,0.575625,0.013749981,0.8,0.013749981],[0.0,0.53000003,0.143125,0.5375,0.25375003,0.5375,0.291875,0.515,0.346875,0.46187502,0.313125,0.424375,0.3025,0.370625,0.27125,0.28249997,0.228125,0.253125,0.234375,0.18687499,0.246875,0.154375,0.330625,0.124374986,0.395625,0.118124984,0.46062502,0.10562499,0.45812503,0.07000001,0.46125,0.01875,0.45875,0.0125,0.0,0.0125]],"CAM":[640.0,920.0],"OT":["FIGHT_WALL","FIGHT_WALL","GOAL"],"objectPos":[0.490625,0.104375005,0.540625,0.104375005,0.51437503,0.054999996],"objectAngle":[-1.5707963,-1.5707963,-1.5707963],"ET":["SPIKED_ENEMY","SPIKED_ENEMY","INVINCIBLE_ENEMY","SPIKED_ENEMY"],"enemyPos":[0.36124998,0.29874998,0.56624997,0.521875,0.43,0.459375,0.620625,0.294375],"octT":["TELEPORTER","EXPLODER","TELEPORTER"],"octopusPos":[0.121875,0.64625,0.094375,0.584375,0.055625003,0.6225],"TT":[],"tutorialPos":[],"tutorialAngle":[],"bounds":[32.0,32.0]}