{"wallTexture":["EARTH","EARTH","EARTH"],"walls":[[0.35375002,0.44375,0.38,0.41875,0.389375,0.396875,0.395,0.37375,0.39875,0.346875,0.400625,0.321875,0.43812498,0.29187497,0.48562503,0.27624997,0.48562503,0.24375,0.48875004,0.221875,0.56437504,0.221875,0.59749997,0.19749999,0.61312497,0.15125,0.6575,0.139375,0.71500003,0.13062498,0.7625,0.171875,0.789375,0.185625,0.799375,0.184375,0.8,0.44375,0.36312503,0.45],[0.21625002,0.45,0.24750002,0.39249998,0.27625,0.35625,0.293125,0.33249998,0.31062502,0.30374998,0.316875,0.27125,0.32875,0.25062498,0.34125,0.228125,0.354375,0.208125,0.34875,0.19125,0.34187502,0.184375,0.28,0.17937501,0.253125,0.16812499,0.22875002,0.165625,0.1825,0.2625,0.14625,0.31125,0.08,0.32312497,0.0,0.359375,0.0,0.45],[0.8,0.051250003,0.68,0.05625,0.621875,0.041874982,0.520625,0.03499999,0.42937502,0.06812499,0.328125,0.066875,0.24187501,0.046875,0.100625,0.08,0.073750004,0.173125,0.0,0.20562498,0.0,0.0,0.8,0.0]],"CAM":[640.0,360.0],"OT":["GOAL","FIGHT_WALL"],"objectPos":[0.740625,0.09937499,0.37125,0.28625],"objectAngle":[0.0,2.094395],"ET":["ARMORED_ENEMY","SPIKED_ENEMY"],"enemyPos":[0.58125,0.114374995,0.31,0.120000005],"octT":["EXPLODER","TELEPORTER","FLYER"],"octopusPos":[0.10187501,0.25124997,0.35125,0.358125,0.27937502,0.415625],"TT":[],"tutorialPos":[],"tutorialAngle":[],"bounds":[32.0,18.0]}