{"walls":[[1.0,0.0,0.99937505,0.130625,0.726875,0.153125,0.60125005,0.1525,0.62125003,0.243125,0.75750005,0.248125,1.0,0.25,1.0,0.45,0.6625,0.45,0.521875,0.4025,0.471875,0.38875002,0.315625,0.37312502,0.0,0.344375,0.0,0.28312498,0.23375002,0.289375,0.37687498,0.320625,0.51750004,0.351875,0.61625,0.358125,0.70875,0.32625002,0.600625,0.263125,0.47312504,0.25,0.2175,0.18,0.0,0.19624999,0.0,0.1375,0.356875,0.13187501,0.48000002,0.19250001,0.5375,0.128125,0.663125,0.0]],"CAM":[640.0,360.0],"wallTexture":["WOODEN"],"OT":["FIGHT_WALL","RESPAWN","RESPAWN","FIGHT_WALL","GOAL"],"objectPos":[0.494375,0.30375,0.54625,0.31625003,0.6625,0.2,0.74125,0.20250002,0.81937504,0.18625],"objectAngle":[0.0,0.0,0.0,0.0,0.0],"ET":["SPIKED_ENEMY","HOLE_ENEMY"],"enemyPos":[0.27375,0.26000002,0.396875,0.27625],"octT":["TELEPORTER","EXPLODER","FLYER"],"octopusPos":[0.059375,0.085625,0.057499997,0.390625,0.055625003,0.24625],"TT":[],"tutorialPos":[],"tutorialAngle":[],"bounds":[40.0,18.0]}