{"walls":[[0.00125,0.28500003,0.323125,0.26749998,0.35375002,0.26875,0.55375,0.266875,0.7025,0.28875,0.798125,0.3025,0.8,0.45,0.0,0.45],[0.0,0.125625,0.1575,0.13875,0.27875,0.15812501,0.32125002,0.16875,0.43312502,0.15875,0.46687502,0.125625,0.545,0.13625,0.66375005,0.14812501,0.8,0.16125001,0.8,0.0,0.0,0.0]],"CAM":[640.0,360.0],"wallTexture":["EARTH","EARTH"],"OT":["GOAL","FLIGHT_WALL","GOAL"],"objectPos":[1.295625,0.14625,0.56375,0.205,0.7525,0.20875001],"objectAngle":[0.0,0.0,0.0],"ET":["NORMAL_ENEMY","ARMORED_ENEMY","SPIKED_ENEMY"],"enemyPos":[0.245,0.2125,0.3425,0.21124999,0.435,0.211875],"octT":["FLYER"],"octopusPos":[0.074375,0.203125],"TT":["TEXT6"],"tutorialPos":[0.17125,0.3075],"tutorialAngle":[0.0],"bounds":[32.0,18.0]}