{"walls":[[0.0,0.45,1.0,0.45,1.0,0.27375,0.721875,0.29375,0.22875002,0.268125,0.0275,0.329375,0.0,0.361875],[0.0,0.11375,0.0,0.0,1.0,0.0,1.0,0.134375,0.80375004,0.175625,0.580625,0.14500001,0.2275,0.20062502,0.030000001,0.14750001]],"CAM":[640.0,360.0],"wallTexture":["WOODEN","PIRATE"],"OT":["FOLD_WALL","FIGHT_WALL","GOAL"],"objectPos":[0.80250007,0.23187502,0.83812505,0.23125,0.94375,0.20125],"objectAngle":[0.0,0.0,0.0],"ET":["ARMORED_ENEMY","ARMORED_ENEMY","ARMORED_ENEMY","ARMORED_ENEMY","ARMORED_ENEMY","ARMORED_ENEMY","HOLE_ENEMY","HOLE_ENEMY"],"enemyPos":[0.7475,0.19624999,0.744375,0.24875,0.700625,0.2469062,0.709375,0.19684377,0.665,0.2490937,0.6675,0.19903126,0.41375002,0.1975,0.41375002,0.245],"octT":["TELEPORTER","EXPLODER","TELEPORTER"],"octopusPos":[0.18625,0.24625,0.065625,0.201875,0.124375,0.23125],"TT":[],"tutorialPos":[],"tutorialAngle":[],"bounds":[40.0,18.0]}