{"walls":[[0.235625,0.0,0.233125,0.27437502,0.2325,0.3125,0.32750002,0.316875,0.33187503,0.0],[0.411875,0.0,0.40500003,0.315625,0.40125003,0.32625002,0.46750003,0.320625,0.64812505,0.32375,0.653125,0.18125,0.603125,0.185625,0.596875,0.286875,0.46125,0.278125,0.478125,0.075625,0.73812497,0.0925,0.731875,0.42312503,0.105000004,0.41875,0.09375,0.0,0.0,0.0,0.0,0.45,0.8,0.45,0.8,0.0]],"CAM":[640.0,360.0],"wallTexture":["EARTH","EARTH"],"OT":["FIGHT_WALL","FIGHT_WALL","GOAL"],"objectPos":[0.304375,0.36875,0.43312502,0.37312502,0.16062501,0.21312502],"objectAngle":[0.0,0.0,-1.5707963],"ET":["NORMAL_ENEMY","NORMAL_ENEMY","ARMORED_ENEMY"],"enemyPos":[0.54312503,0.24187501,0.1875,0.36937502,0.379375,0.243125],"octT":["EXPLODER","TELEPORTER","FLYER"],"octopusPos":[0.381875,0.097500004,0.69625,0.24125001,0.703125,0.3375],"TT":[],"tutorialPos":[],"tutorialAngle":[],"bounds":[32.0,18.0]}