{"walls":[[0.184375,0.45,0.155625,0.353125,0.15812501,0.2625,0.18375,0.26062497,0.22,0.26749998,0.333125,0.263125,0.41312498,0.26375,0.434375,0.278125,0.443125,0.305,0.44875002,0.446875],[0.04625,0.45,0.034375,0.3375,0.036875002,0.23999998,0.065625,0.20625,0.113125004,0.15125,0.28625,0.15874998,0.22875002,0.109375,0.24000001,0.051250003,0.31062502,0.04000001,0.665625,0.03812499,0.698125,0.061249994,0.686875,0.09937499,0.65875,0.1125,0.459375,0.11749999,0.41375002,0.105,0.366875,0.096875,0.38375002,0.14874999,0.42125002,0.155,0.46875,0.155,0.56,0.158125,0.585,0.163125,0.570625,0.18875,0.5775,0.216875,0.591875,0.26624998,0.54875004,0.31875,0.54875004,0.335625,0.58000004,0.35750002,0.5775,0.40124997,0.56875,0.446875,0.8,0.45,0.8,0.0,0.0,0.0,0.0,0.45]],"CAM":[640.0,360.0],"wallTexture":["EARTH","EARTH"],"OT":["GOAL","FOLD_WALL","FOLD_WALL"],"objectPos":[0.50750005,0.409375,0.263125,0.209375,0.4979167,0.31375],"objectAngle":[1.5707963,-3.1415923,-1.5707963],"ET":["ARMORED_ENEMY","NORMAL_ENEMY","NORMAL_ENEMY"],"enemyPos":[0.50625,0.21,0.5375,0.24437502,0.45625,0.20125],"octT":["TELEPORTER","EXPLODER"],"octopusPos":[0.073750004,0.278125,0.097500004,0.34375],"TT":[],"tutorialPos":[],"tutorialAngle":[],"bounds":[32.0,18.0]}