{"walls":[[0.14416668,0.45,0.13875,0.375,0.17125,0.3216667,0.6275,0.315,0.6595834,0.35375002,0.6604167,0.45],[0.045,0.45,0.045,0.29666668,0.08041667,0.22583334,0.6725,0.22458334,0.74625003,0.29375,0.7475,0.45,0.8,0.45,0.8,0.0,0.59333336,0.0,0.58875,0.09166667,0.39125,0.09041667,0.38791668,0.18958333,0.095833346,0.18666668,0.09916668,0.098333344,0.0,0.09875,0.0,0.45],[0.0,0.09125,0.1775,0.09,0.28458336,0.08791667,0.2841667,0.0,0.25083333,0.0,0.25,0.058333337,0.0,0.060833335]],"CAM":[640.0,360.0],"wallTexture":["PIRATE","WOODEN","WOODEN"],"OT":["RESPAWN","GOAL"],"objectPos":[0.36291668,0.12416667,0.7,0.40375],"objectAngle":[-4.7123885,-4.7123885],"ET":["ARMORED_ENEMY","ARMORED_ENEMY","ARMORED_ENEMY","ARMORED_ENEMY"],"enemyPos":[0.16458334,0.27541667,0.27458334,0.26833335,0.39625,0.26916668,0.56125003,0.26708335],"octT":["FLYER","EXPLODER","TELEPORTER"],"octopusPos":[0.16416667,0.13875,0.09125,0.40208334,0.15666667,0.0275],"TT":[],"tutorialPos":[],"tutorialAngle":[],"bounds":[32.0,18.0]}