{"walls":[[0.74875003,0.0,0.739375,0.2275,0.739375,0.3375,0.72625005,0.45750004,0.681875,0.530625,0.61687505,0.54562503,0.48562503,0.53125,0.45187503,0.515625,0.41687503,0.4875,0.40187502,0.45875,0.34312502,0.45875,0.309375,0.47000003,0.28625,0.475,0.256875,0.505625,0.190625,0.53375,0.1275,0.528125,0.125625,0.48499998,0.130625,0.44375,0.1825,0.41312498,0.20875001,0.409375,0.225,0.40375,0.263125,0.359375,0.28375,0.32250002,0.296875,0.31,0.316875,0.308125,0.32875,0.294375,0.354375,0.2775,0.35625,0.261875,0.35,0.25625,0.275,0.29375,0.258125,0.32375,0.2325,0.353125,0.185,0.354375,0.16375001,0.33187503,0.154375,0.286875,0.16,0.25375003,0.16625,0.234375,0.203125,0.19500001,0.2725,0.186875,0.29500002,0.16,0.328125,0.106875,0.33187503,0.066250004,0.329375,0.0625,0.326875,0.0,0.075,0.0,0.0,0.0,0.0,0.625,0.8,0.625,0.875,0.625,0.875,0.0],[0.638125,0.0,0.63375,0.20875001,0.638125,0.23500001,0.62937504,0.28875,0.62,0.38,0.6075,0.43,0.580625,0.45125002,0.555,0.43625003,0.530625,0.41375002,0.52312505,0.3875,0.49625,0.3675,0.49312502,0.355625,0.50187504,0.34125,0.515625,0.32125002,0.5125,0.23187502,0.518125,0.195625,0.520625,0.15812501,0.51937497,0.060624998,0.516875,0.02375,0.51437503,0.0]],"CAM":[640.0,360.0],"wallTexture":["EARTH","EARTH"],"OT":["GOAL","GOAL","FOLD_WALL","FIGHT_WALL"],"objectPos":[1.295625,0.14625,0.693125,0.052500002,0.25583333,0.4379167,0.68625003,0.26833335],"objectAngle":[0.0,-1.5707963,-0.7853982,-1.5707963],"ET":["ARMORED_ENEMY","NORMAL_ENEMY","SPIKED_ENEMY","NORMAL_ENEMY","NORMAL_ENEMY","NORMAL_ENEMY"],"enemyPos":[0.35250002,0.32250002,0.42312503,0.355625,0.3675,0.39125,0.47000003,0.46937498,0.6675,0.190625,0.713125,0.19187501],"octT":["EXPLODER","TELEPORTER","EXPLODER"],"octopusPos":[0.1875,0.490625,0.4475,0.109375,0.385625,0.1075],"TT":[],"tutorialPos":[],"tutorialAngle":[],"bounds":[32.0,25.0]}