{"walls":[[0.0,0.07125001,0.8,0.08125,0.8,0.254375,0.8,0.32,0.55375,0.3025,0.40875,0.29375,0.42874998,0.18875,0.30062503,0.17687501,0.29125002,0.428125,0.61312497,0.49875003,0.260625,0.51125,0.016875,0.50187504,0.057499997,0.2625,0.103125,0.45125002,0.21625002,0.40875,0.26875,0.29625002,0.2725,0.19375,0.13625,0.1375,0.08,0.14,0.0,0.124375],[0.378125,0.35250002,0.35875002,0.23125,0.340625,0.37125,0.66625,0.44,0.67375004,0.55125004,0.30375,0.6,0.8,0.6,0.8,0.435]],"CAM":[640.0,600.0],"wallTexture":["WOODEN","PIRATE"],"OT":["GOAL","FOLD_WALL","FLIGHT_WALL"],"objectPos":[0.7475,0.021875,0.56624997,0.032500003,0.1,0.21812502],"objectAngle":[0.0,0.7853982,3.665191],"ET":["HOLE_ENEMY","NORMAL_ENEMY"],"enemyPos":[0.6190702,0.04594539,0.325,0.30062503],"octT":["FLYER","TELEPORTER","TELEPORTER"],"octopusPos":[0.46062502,0.036250003,0.270625,0.035625003,0.199375,0.29500002],"TT":[],"tutorialPos":[],"tutorialAngle":[],"bounds":[32.0,24.0]}