{"walls":[[0.19500001,0.2375,0.19500001,0.06125,0.20750001,0.060000002,0.20687501,0.235625],[0.215625,0.23812501,0.386875,0.2375,0.3825,0.22312501,0.2125,0.22437501],[0.40562502,0.053125,0.4025,0.23687501,0.3875,0.22875002,0.39375,0.052500002],[0.19875,0.05,0.396875,0.044375,0.39375,0.03375,0.19624999,0.04],[0.471875,0.321875,0.475,0.106875,0.89375,0.10812501,0.89187497,0.130625,0.49375,0.128125,0.49,0.301875,0.8875,0.301875,0.88687503,0.3175,0.46875,0.31375],[0.789375,0.26875,0.76750004,0.2875,0.81875,0.29125002,0.79,0.266875],[0.7825,0.1625,0.81187505,0.138125,0.770625,0.1375],[0.133125,0.29500002,0.30562502,0.29500002,0.304375,0.625,0.289375,0.625,0.29000002,0.3125,0.143125,0.31187502,0.144375,0.625,0.12687501,0.625,0.12687501,0.29625002],[0.898125,0.13374999,1.125,0.135625,1.125,0.0,0.71062505,0.00625,0.89250004,0.098124996],[0.114999995,0.42874998,0.016875,0.428125,0.0175,0.0,0.0,0.0,0.0,0.625,0.118125,0.625,0.11625,0.625],[0.31125,0.320625,0.87687504,0.32125002,0.89750004,0.315625,0.895,0.29874998,1.125,0.30125,1.125,0.625,0.313125,0.625],[0.026250001,0.120625004,0.18937501,0.121249996,0.188125,0.10625,0.01875,0.105624996],[0.40750003,0.12687501,0.465625,0.12687501,0.465625,0.10812501,0.40875,0.10875]],"CAM":[640.0,360.0],"wallTexture":["PIRATE","PIRATE","PIRATE","PIRATE","PIRATE","PIRATE","PIRATE","PIRATE","PIRATE","PIRATE","PIRATE","PIRATE","PIRATE"],"OT":["RESPAWN","FLIGHT_WALL","FIGHT_WALL","RESPAWN","GOAL","RESPAWN","FIGHT_WALL","FIGHT_WALL","FIGHT_WALL","FIGHT_WALL","FIGHT_WALL","FIGHT_WALL","RESPAWN"],"objectPos":[0.296875,0.134375,0.92125005,0.2175,0.784375,0.21375,0.565,0.215625,0.21625002,0.58125,0.17,0.34187502,0.15812501,0.42874998,0.17875001,0.4275,0.20250002,0.428125,0.22312501,0.4275,0.246875,0.42687503,0.270625,0.43,0.33187503,0.134375],"objectAngle":[0.0,-3.1415923,0.0,0.0,1.5707963,0.0,0.0,0.0,0.0,0.0,0.0,0.0,0.0],"ET":["NORMAL_ENEMY","NORMAL_ENEMY","NORMAL_ENEMY","SPIKED_ENEMY","HOLE_ENEMY"],"enemyPos":[0.29500002,0.185625,0.294375,0.081875004,0.56375,0.26749998,0.52000004,0.215,0.5625,0.156875],"octT":["TELEPORTER","TELEPORTER","EXPLODER"],"octopusPos":[0.84250003,0.21937501,0.14562501,0.17625001,0.14125,0.048750002],"TT":[],"tutorialPos":[],"tutorialAngle":[],"bounds":[45.0,25.0]}