{"wallTexture":["EARTH","EARTH"],"walls":[[0.27937502,0.31437498,0.22875002,0.315625,0.22687499,0.123125,0.155625,0.125,0.16,0.21312502,0.0,0.21312502,0.0,0.0,0.8,0.0,0.8,0.45,0.5475,0.45,0.53875005,0.11375,0.46125,0.066250004,0.28125,0.065625],[0.384375,0.165625,0.44,0.16625,0.43875003,0.449375,0.0,0.45,0.0,0.29625002,0.16312501,0.29625002,0.16312501,0.39625,0.3825,0.391875]],"CAM":[640.0,360.0],"OT":["GOAL","FIGHT_WALL","FIGHT_WALL"],"objectPos":[0.49625,0.34312502,0.33125,0.28875,0.334375,0.195625],"objectAngle":[-4.7123885,-1.5707963,-1.5707963],"ET":["NORMAL_ENEMY"],"enemyPos":[0.49500003,0.24375],"octT":["EXPLODER","TELEPORTER"],"octopusPos":[0.33625,0.24187501,0.32999998,0.33687502],"TT":[],"tutorialPos":[],"tutorialAngle":[],"bounds":[32.0,18.0]}