{"walls":[[0.8,0.1025,0.0,0.089375004,0.0,0.1025,0.49937502,0.111875,0.53562504,0.1725,0.546875,0.22625001,0.58187497,0.2625,0.6475,0.281875,0.675,0.263125,0.6275,0.22562501,0.5875,0.143125,0.746875,0.14625,0.745,0.28125,0.659375,0.34,0.56687504,0.344375,0.455,0.23375002,0.42375,0.165625,0.41625,0.33125,0.26875,0.184375,0.26625,0.34,0.266875,0.4025,0.115625,0.36,0.0,0.21937501,0.0,0.45,0.8,0.45]],"CAM":[640.0,360.0],"wallTexture":["WOODEN"],"OT":["FLIGHT_WALL","GOAL","FLIGHT_WALL"],"objectPos":[0.709375,0.23375002,0.66375005,0.164375,0.4125,0.120000005],"objectAngle":[-2.094395,0.0,0.0],"ET":["NORMAL_ENEMY","INVINCIBLE_ENEMY"],"enemyPos":[0.39000002,0.255625,0.25625,0.14500001],"octT":["FLYER","TELEPORTER","TELEPORTER"],"octopusPos":[0.071875,0.052500002,0.0775,0.14937499,0.121875,0.14875],"TT":[],"tutorialPos":[],"tutorialAngle":[],"bounds":[32.0,18.0]}