{"walls":[[0.154375,0.45,0.21124999,0.340625,0.239375,0.299375,0.288125,0.24312499,0.325,0.19624999,0.305,0.16749999,0.24875,0.16125,0.196875,0.17,0.130625,0.19937499,0.07125001,0.233125,0.038125,0.23374999,0.005,0.22874999,0.0,0.22874999,0.0,0.4475,0.0,0.45],[0.0,0.110625006,0.085625,0.108124994,0.20625,0.08187499,0.27562502,0.067499995,0.32875,0.058124997,0.359375,0.04562497,0.41750002,0.047499992,0.43687502,0.078125,0.49875003,0.10125001,0.525625,0.126875,0.58875,0.07437499,0.6575,0.08374999,0.718125,0.079375006,0.760625,0.16437499,0.8,0.31125,0.8,0.0,0.8,0.0,0.0,0.0],[0.27125,0.446875,0.288125,0.43312502,0.309375,0.39625,0.340625,0.37687498,0.380625,0.37375,0.421875,0.37375,0.445625,0.35125,0.45999998,0.33874997,0.476875,0.30875,0.476875,0.294375,0.476875,0.27437502,0.476875,0.258125,0.476875,0.234375,0.503125,0.23125,0.5225,0.22312501,0.53375,0.21624999,0.575,0.216875,0.614375,0.20874998,0.655625,0.23125,0.680625,0.25687498,0.69124997,0.271875,0.718125,0.309375,0.73875004,0.354375,0.77000004,0.39249998,0.8,0.40375,0.8,0.45]],"CAM":[640.0,360.0],"wallTexture":["EARTH","EARTH","EARTH"],"OT":["GOAL"],"objectPos":[0.756875,0.30625],"objectAngle":[1.0471976],"ET":["HOLE_ENEMY","HOLE_ENEMY","HOLE_ENEMY","HOLE_ENEMY"],"enemyPos":[0.31393066,0.27458334,0.35680556,0.30208334,0.39968047,0.32666668,0.5966667,0.15166667],"octT":["EXPLODER","FLYER"],"octopusPos":[0.14250001,0.140625,0.24291667,0.40291667],"TT":[],"tutorialPos":[],"tutorialAngle":[],"bounds":[32.0,18.0]}