{"walls":[[0.0,0.066874996,0.0,0.0,0.313125,0.0,0.315625,0.07625,0.318125,0.134375,0.4125,0.14,0.4875,0.110625006,0.6475,0.0,0.8,0.0,0.8,0.055,0.434375,0.168125,0.288125,0.14500001,0.28125,0.079375,0.220625,0.075625],[0.0,0.125625,0.201875,0.141875,0.205,0.178125,0.229375,0.21000001,0.29625002,0.21812502,0.36312503,0.23625,0.431875,0.24249999,0.50374997,0.203125,0.599375,0.18875,0.67062503,0.16312501,0.8,0.13125,0.7925,0.22437501,0.5475,0.248125,0.446875,0.26375002,0.44125,0.345,0.61875,0.34125,0.8,0.34187502,0.788125,0.39875,0.459375,0.383125,0.36375,0.319375,0.315,0.28062502,0.215625,0.25125,0.19,0.230625,0.178125,0.18375,0.140625,0.178125,0.0,0.16875],[0.0,0.29500002,0.19250001,0.315625,0.209375,0.33812502,0.3325,0.39875,0.43562502,0.42687503,0.53499997,0.449375,0.0,0.45]],"CAM":[640.0,360.0],"wallTexture":["WOODEN","WOODEN","PIRATE"],"OT":["FLIGHT_WALL","FLIGHT_WALL","RESPAWN","FIGHT_WALL","GOAL","FLIGHT_WALL","FIGHT_WALL"],"objectPos":[0.146875,0.245,0.24875,0.144375,0.481875,0.303125,0.47750002,0.42375,0.72875,0.294375,0.62,0.29125002,0.540625,0.295625],"objectAngle":[0.0,0.0,0.0,0.5235988,0.0,0.0,0.0],"ET":[],"enemyPos":[],"octT":["TELEPORTER","FLYER","EXPLODER"],"octopusPos":[0.069375,0.24125001,0.33687502,0.098124996,0.175,0.1],"TT":[],"tutorialPos":[],"tutorialAngle":[],"bounds":[32.0,18.0]}