{"walls":[[0.34875,0.895625,0.32999998,0.76937497,0.315625,0.64875,0.324375,0.55125004,0.47875,0.55437505,0.551875,0.549375,0.57125,0.548125,0.595,0.359375,0.594375,0.259375,0.60562503,0.0,0.8,0.0,0.8,0.89375,0.8,0.9],[0.221875,0.9,0.21937501,0.654375,0.21437499,0.51,0.220625,0.414375,0.409375,0.39875,0.44187504,0.385625,0.42249998,0.25875002,0.425,0.21812502,0.424375,0.0,0.0,0.00125,6.25E-4,0.105000004,0.350625,0.109375,0.3675,0.22125001,0.174375,0.21625002,0.170625,0.260625,0.33812502,0.28312498,0.325625,0.33625,0.178125,0.34875,0.006875,0.356875,0.0,0.36124998,0.0,0.9]],"CAM":[640.0,800.0],"wallTexture":["EARTH","EARTH"],"OT":["GOAL","FIGHT_WALL"],"objectPos":[0.2775,0.8056251,0.27125,0.64812505],"objectAngle":[-4.7123885,1.5707963],"ET":["NORMAL_ENEMY","ARMORED_ENEMY","SPIKED_ENEMY","SPIKED_ENEMY","SPIKED_ENEMY"],"enemyPos":[0.26375002,0.45812503,0.34312502,0.45374998,0.2875,0.68724996,0.253125,0.69,0.254375,0.30625],"octT":["TELEPORTER","EXPLODER","EXPLODER"],"octopusPos":[0.105000004,0.15375,0.478125,0.17375001,0.5475,0.16875],"TT":["TEXT9"],"tutorialPos":[0.45208335,0.59000003],"tutorialAngle":[0.0],"bounds":[32.0,36.0]}