{"wallTexture":["EARTH","EARTH"],"walls":[[0.72062504,0.0,0.704375,0.15625,0.69124997,0.255625,0.696875,0.391875,0.690625,0.538125,0.588125,0.53625,0.509375,0.52000004,0.45875,0.51750004,0.354375,0.516875,0.32625002,0.49875003,0.328125,0.439375,0.329375,0.35,0.32625002,0.326875,0.32125002,0.329375,0.30375,0.303125,0.168125,0.30375,0.07125001,0.3075,0.0,0.30687502,0.0,0.625,0.8,0.625,0.8,0.0],[0.60125005,0.0,0.60375,0.111250006,0.590625,0.21124999,0.59812504,0.24249999,0.59125,0.293125,0.573125,0.40500003,0.555625,0.42625004,0.474375,0.42687503,0.44875002,0.4275,0.443125,0.386875,0.44375,0.34,0.44812503,0.246875,0.44875002,0.19,0.440625,0.08687501,0.43625003,0.05,0.285625,0.0425,0.20687501,0.053125,0.181875,0.13875,0.340625,0.15875,0.325,0.18625,0.144375,0.193125,0.0,0.20062502,0.0,0.0]],"CAM":[640.0,360.0],"OT":["GOAL","FOLD_WALL","FOLD_WALL","GOAL"],"objectPos":[1.295625,0.14625,0.645625,0.265625,0.50374997,0.47375003,0.65,0.04625],"objectAngle":[0.0,1.5707963,3.1415923,-1.5707963],"ET":["NORMAL_ENEMY","NORMAL_ENEMY","HOLE_ENEMY","HOLE_ENEMY"],"enemyPos":[0.64375,0.333125,0.64875,0.19624999,0.378125,0.261875,0.24625,0.260625],"octT":["FLYER","TELEPORTER","TELEPORTER"],"octopusPos":[0.073125,0.258125,0.24562499,0.0925,0.378125,0.08875],"TT":[],"tutorialPos":[],"tutorialAngle":[],"bounds":[32.0,25.0]}