{"walls":[[0.799375,0.26749998,0.610625,0.26000002,0.546875,0.261875,0.46375003,0.28375,0.419375,0.2575,0.35625,0.258125,0.24437502,0.261875,0.13374999,0.28125,0.0,0.27875,0.0,0.45,0.8,0.45],[0.0,0.120625004,0.14937499,0.130625,0.23187502,0.169375,0.293125,0.15625,0.37312502,0.13125,0.40562502,0.16125001,0.46062502,0.14875,0.56687504,0.13875,0.60812503,0.16499999,0.65875,0.151875,0.8,0.144375,0.8,0.0,0.0,0.0]],"CAM":[640.0,360.0],"wallTexture":["PIRATE","PIRATE"],"OT":["FIGHT_WALL","FIGHT_WALL","FIGHT_WALL","GOAL","RESPAWN"],"objectPos":[0.24750002,0.21437499,0.414375,0.21437499,0.60875,0.21375,0.73375,0.198125,0.518125,0.16625],"objectAngle":[0.0,0.0,0.0,0.0,0.0],"ET":["SPIKED_ENEMY","HOLE_ENEMY","NORMAL_ENEMY"],"enemyPos":[0.2825,0.21062501,0.4497499,0.209375,0.64250004,0.208125],"octT":["EXPLODER","EXPLODER","EXPLODER"],"octopusPos":[0.144375,0.20375001,0.099375,0.22375,0.06125,0.168125],"TT":["TEXT8"],"tutorialPos":[0.525625,0.104375005],"tutorialAngle":[0.0],"bounds":[32.0,18.0]}