{"walls":[[0.0,0.379375,0.173125,0.389375,0.35250002,0.378125,0.510625,0.37875003,0.645625,0.380625,0.7,0.35875002,0.71750003,0.30562502,0.70750004,0.26500002,0.674375,0.248125,0.60375,0.25,0.505,0.25,0.47750002,0.246875,0.435,0.25125,0.41500002,0.2375,0.44437498,0.2175,0.471875,0.20125,0.52750003,0.19125,0.605,0.1725,0.638125,0.16375001,0.76125,0.16375001,0.8,0.16312501,0.8,0.45,0.0,0.45],[0.0,0.24375,0.204375,0.24562499,0.26937503,0.239375,0.28625,0.20687501,0.324375,0.174375,0.41625,0.113125004,0.50125,0.08,0.57875,0.044375,0.640625,0.064375,0.75437504,0.056875,0.8,0.059375,0.8,0.0,0.0,0.0]],"CAM":[640.0,360.0],"wallTexture":["EARTH","EARTH"],"OT":["GOAL","GOAL","FIGHT_WALL"],"objectPos":[1.295625,0.14625,0.74,0.114999995,0.63687503,0.11750001],"objectAngle":[0.0,0.0,0.0],"ET":["NORMAL_ENEMY","NORMAL_ENEMY","HOLE_ENEMY"],"enemyPos":[0.3,0.301875,0.24125001,0.3,0.4979167,0.31166667],"octT":["FLYER","EXPLODER","TELEPORTER"],"octopusPos":[0.073125,0.348125,0.65125,0.30875,0.075,0.28708333],"TT":[],"tutorialPos":[],"tutorialAngle":[],"bounds":[32.0,18.0]}