{"walls":[[0.0,0.7,0.0025,0.528125,0.16062501,0.53625,0.293125,0.55375,0.38875002,0.57125,0.48375002,0.57437503,0.61125004,0.56125003,0.65812504,0.55375,0.724375,0.478125,0.73375,0.351875,0.704375,0.318125,0.62125003,0.2875,0.47562498,0.271875,0.391875,0.229375,0.38,0.18937501,0.3875,0.16062501,0.513125,0.17687501,0.62625,0.20375001,0.81437504,0.24125001,0.984375,0.2375,1.08875,0.24375,1.0675,0.43125,1.095625,0.5525,1.100625,0.64500004,1.08875,0.7],[0.0025,0.38125,0.23812501,0.39125,0.378125,0.40875,0.48375002,0.4125,0.549375,0.42937502,0.57000005,0.38125,0.52375,0.355625,0.42062503,0.34625,0.33875,0.33625,0.25625,0.31062502,0.253125,0.23375002,0.2775,0.16875,0.29125002,0.14,0.339375,0.070625,0.40687498,0.06375,0.59375,0.07125001,0.80875003,0.065625,0.93,0.079375,1.020625,0.091875,1.05875,0.063125,1.1425,0.0425,1.279375,0.051875003,1.341875,0.11,1.36375,0.245,1.34625,0.330625,1.27125,0.36937502,1.194375,0.354375,1.1975,0.265625,1.1756251,0.24937502,1.170625,0.38875002,1.205625,0.6075,1.21875,0.6975,1.475,0.7,1.6,0.7,1.6,0.0,0.0,0.0]],"CAM":[640.0,760.0],"wallTexture":["WOODEN","PIRATE"],"OT":["FIGHT_WALL","GOAL","FIGHT_WALL","RESPAWN","RESPAWN","RESPAWN"],"objectPos":[1.135,0.24625,1.14625,0.52875,0.32875,0.1725,0.276875,0.27937502,0.70187503,0.19437501,0.95187503,0.103125],"objectAngle":[1.5707963,1.5707963,-1.3089969,-1.5707963,-2.879793,0.0],"ET":["NORMAL_ENEMY","NORMAL_ENEMY","NORMAL_ENEMY","NORMAL_ENEMY","ARMORED_ENEMY","NORMAL_ENEMY","NORMAL_ENEMY","NORMAL_ENEMY","NORMAL_ENEMY","NORMAL_ENEMY","INVINCIBLE_ENEMY"],"enemyPos":[0.38875002,0.46812502,0.45,0.45999998,0.42687503,0.51875,0.490625,0.5117499,0.49375,0.30562502,0.51125,0.4613751,0.83812505,0.12875,0.78375,0.112937525,0.798125,0.18375,0.75125,0.165625,1.1775,0.201875],"octT":["EXPLODER","TELEPORTER","EXPLODER"],"octopusPos":[0.058125,0.43812498,0.1225,0.431875,0.09,0.500625],"TT":[],"tutorialPos":[],"tutorialAngle":[],"bounds":[64.0,28.0]}