{"walls":[[0.344375,0.155,0.34312502,0.0,0.43062502,0.0,0.43062502,0.150625],[0.0,0.45,0.0,0.0,0.21625002,0.0,0.216875,0.234375,0.560625,0.234375,0.558125,0.0,0.8,0.0,0.8,0.45]],"CAM":[640.0,360.0],"wallTexture":["EARTH","EARTH"],"OT":["FLIGHT_WALL","FLIGHT_WALL","GOAL"],"objectPos":[0.49124998,0.185625,0.28125,0.13125,0.49124998,0.048750002],"objectAngle":[-1.5707963,1.5707963,-1.5707963],"ET":["HOLE_ENEMY"],"enemyPos":[0.48625,0.111875],"octT":["FLYER","TELEPORTER"],"octopusPos":[0.281875,0.05625,0.27625,0.199375],"TT":[],"tutorialPos":[],"tutorialAngle":[],"bounds":[32.0,18.0]}