{"walls":[[0.0,0.3875,0.0,0.45,0.8,0.45,0.798125,0.05999999,0.55437505,0.340625,0.450625,0.40625,0.31437498,0.39749998,0.0,0.123125],[0.040625,0.0,0.31187502,0.21375,0.379375,0.30124998,0.42249998,0.3,0.47375003,0.23374999,0.7,0.0]],"CAM":[640.0,360.0],"wallTexture":["EARTH","EARTH"],"OT":["FIGHT_WALL","GOAL"],"objectPos":[0.395625,0.354375,0.57375,0.215],"objectAngle":[0.0,-0.7853982],"ET":["ARMORED_ENEMY","ARMORED_ENEMY"],"enemyPos":[0.43312502,0.34375,0.24562499,0.24375],"octT":["FLYER","EXPLODER"],"octopusPos":[0.096250005,0.13374999,0.134375,0.161875],"TT":["TEXT12"],"tutorialPos":[0.38125,0.035625003],"tutorialAngle":[0.0],"bounds":[32.0,18.0]}