{"walls":[[0.0,0.21916668,0.12333335,0.29125002,0.23041669,0.32375,0.37875003,0.33708337,0.5266667,0.32958335,0.65333337,0.2975,0.8,0.24791667,0.8,0.45,0.0,0.45],[0.0,0.13541667,0.20333335,0.20666668,0.29500002,0.22666669,0.44375,0.22125001,0.56083333,0.21416669,0.6770834,0.18666668,0.8,0.14958334,0.8,0.0,0.0,0.0]],"CAM":[640.0,360.0],"wallTexture":["EARTH","EARTH"],"OT":["GOAL","FIGHT_WALL","GOAL"],"objectPos":[1.295625,0.14625,0.26208335,0.27416667,0.7633334,0.21958335],"objectAngle":[0.0,0.0,0.0],"ET":["NORMAL_ENEMY","NORMAL_ENEMY","NORMAL_ENEMY"],"enemyPos":[0.44625002,0.26291668,0.47625002,0.2929167,0.505,0.26291668],"octT":["EXPLODER","EXPLODER","EXPLODER"],"octopusPos":[0.06541667,0.19791669,0.12458334,0.22541669,0.17375001,0.24416669],"TT":["TEXT7","E_KEY"],"tutorialPos":[0.10916667,0.37208337,0.18791668,0.355],"tutorialAngle":[0.0,0.0],"bounds":[32.0,18.0]}