{"walls":[[0.0,0.45,0.060457695,0.3869915,0.11240022,0.38486284,0.15114424,0.31206244,0.20649283,0.31035954,0.24310806,0.26310313,0.5083555,0.26480606,0.5258116,0.29503313,0.9996807,0.29120153,0.9996807,0.45],[0.0,0.0,0.04768494,0.07407758,0.09749867,0.07492904,0.13539118,0.1307001,0.20053223,0.13368024,0.22352317,0.17710504,0.4994146,0.18008515,0.51899946,0.13282876,0.9996807,0.12857144,0.9996807,0.0]],"CAM":[640.0,360.0],"wallTexture":["EARTH","EARTH"],"OT":["GOAL"],"objectPos":[0.911123,0.20903501],"objectAngle":[0.0],"ET":["NORMAL_ENEMY","NORMAL_ENEMY","NORMAL_ENEMY"],"enemyPos":[0.2895157,0.22138126,0.60202235,0.21627247,0.7246408,0.21158941],"octT":["TELEPORTER","TELEPORTER"],"octopusPos":[0.06471528,0.30865657,0.066418305,0.15709557],"TT":["TEXT10","ESC_KEY","TEXT5","SPACE_KEY"],"tutorialPos":[0.33583337,0.09958334,0.2504167,0.14416668,0.67583334,0.32333335,0.6704167,0.35375002],"tutorialAngle":[0.0,0.0,0.0,0.0],"bounds":[40.0,18.0]}