{"walls":[[0.19187501,0.35125,0.18875,0.625,0.0,0.625,0.0,0.21437499,0.11,0.211875,0.21437499,0.22125001,0.246875,0.18937501,0.295625,0.209375,0.39000002,0.21062501,0.41125003,0.30062503,0.42125002,0.43062502,0.424375,0.5325,0.625,0.556875,0.6975,0.53375,0.71125,0.47125,0.88812506,0.4875,0.95,0.47750002,0.95,0.625,0.2825,0.625,0.26000002,0.349375],[0.95,0.36812502,0.704375,0.381875,0.65500003,0.37375,0.60812503,0.378125,0.569375,0.44500002,0.538125,0.43625003,0.515,0.42312503,0.5225,0.33625,0.526875,0.20625,0.526875,0.14500001,0.50625,0.095625,0.32,0.09375,0.00125,0.109375,0.0,0.0,1.0,0.0,1.0,0.365625]],"CAM":[640.0,360.0],"wallTexture":["EARTH","EARTH"],"OT":["GOAL","FOLD_WALL","FOLD_WALL","GOAL"],"objectPos":[1.295625,0.14625,0.470625,0.395625,0.70500004,0.43312502,0.79562503,0.43312502],"objectAngle":[0.0,-1.5707963,3.1415923,0.0],"ET":["NORMAL_ENEMY"],"enemyPos":[0.32625002,0.15125],"octT":["TELEPORTER","TELEPORTER"],"octopusPos":[0.0875,0.16062501,0.23500001,0.39249998],"TT":[],"tutorialPos":[],"tutorialAngle":[],"bounds":[35.0,25.0]}